id,firstname,lastname,password_hash,age
1,Beatriz,Orpah,14102359,18
2,Charlena,Jammal,36466515,13
3,Jasmina,Erich,47245973,35
4,Marleah,Winthorpe,30345879,14
5,Tomasina,Orlene,19008675,41
6,Rubie,Hertzfeld,21798678,17
7,Dawn,Skurnik,51513299,52
8,Libbie,Ader,74499629,34
9,Shel,Nance,52809775,21
10,Kimberley,Emerson,51579880,57
11,Emelina,Yam,81103831,8
12,Christian,Ophelia,11288291,18
13,Selia,Bouchard,95331661,65
14,Augustine,Shirberg,42763361,45
15,Verla,Raychel,56034664,56
16,Tabbatha,Ball,37894445,11
17,Jinny,Graig,38625900,77
18,Esmeralda,Nunci,36020149,37
19,Ulrike,Danby,53001279,54
20,Marcy,Olin,22788303,82
21,Katleen,Millda,43409064,89
22,Elvira,Schlosser,83854897,6
23,Abbie,O'Neill,34929437,81
24,Rebeca,Janene,72807916,88
25,Allyce,Cadmar,26333784,10
26,Deloria,Belanger,44043489,17
27,Giustina,Alice,35082743,62
28,Gale,Emerson,13921584,33
29,Brianna,Adamsen,53381216,27
30,Nikki,Marsden,45313151,64
31,Dagmar,Egbert,43224718,52
32,Rhoda,Klemperer,68171427,88
33,Charlena,Sherfield,87443392,21
34,Hollie,Alwin,25644642,55
35,Stephanie,Dimitris,59686155,13
36,Atlanta,Belldas,38282664,54
37,Marjie,Clywd,44047327,76
38,Ayn,Krystle,92394097,35
39,Corry,Cristi,90111489,83
40,Alejandra,Albertine,54453092,83
41,Christal,Stoller,40484214,18
42,Paulita,Pearse,90029517,28
43,Shel,Calhoun,78526278,39
44,Blake,Roscoe,97136325,45
45,Kial,Durware,25287828,18
46,Kayla,Aldric,35230197,17
47,Dawn,Joli,47426067,81
48,Nananne,Pearse,82612653,39
49,Nelle,Bivins,68801897,54
50,Lonnie,Izaak,70844659,77